feature,coefficient
CGPA,0.06758105743297235
GRE Score,0.02667051911098693
TOEFL Score,0.018226331980514203
LOR,0.015865501541734266
Research,0.011940491590050575
University Rating,0.0029399480555741646
SOP,0.0017880030977855225
